Subreddit,Submissions Count,Comments Count,Total Activity,Month
sportsbook,2423,64110,66533,2024-09
sportsbetting,14219,37976,52195,2024-09
poker,2409,26992,29401,2024-09
gambling,1659,7445,9104,2024-09
problemgambling,1127,3989,5116,2024-09
pokerogue,2379,0,2379,2024-09
Casino,747,138,885,2024-09
H1BVisaSlots,815,0,815,2024-09
ChumbaCasino,805,0,805,2024-09
pokerrrr2,552,0,552,2024-09
GGPoker,542,0,542,2024-09
onlinegambling,501,0,501,2024-09
GamblingAddiction,415,0,415,2024-09
sportsgambling,291,0,291,2024-09
Pokerrrr3,284,0,284,2024-09
TopCasino,283,0,283,2024-09
pokerrrr,279,0,279,2024-09
CasinoFreebies,243,0,243,2024-09
Bitcoincasino,219,0,219,2024-09
PokerStars,215,0,215,2024-09
GamblingRecovery,207,0,207,2024-09
PokerstarsPCA,196,0,196,2024-09
SportsBetting4Cash,190,0,190,2024-09
casinogamblers,180,0,180,2024-09
Poker_Theory,179,0,179,2024-09
FantasySportsbook,178,0,178,2024-09
SportsBettingPicks,162,0,162,2024-09
u_DraftKingsSportsbook,157,0,157,2024-09
SportsBettingandDFS,136,0,136,2024-09
888pokerofficial,131,0,131,2024-09
Pokerrrr2_app,120,0,120,2024-09
SportsBettingExperts,104,0,104,2024-09
slots,68,24,92,2024-09
LuckylandSlots,87,0,87,2024-09
casualgambling,80,0,80,2024-09
coinpoker,77,0,77,2024-09
CLUBGGPOKERBESTCLUBS,65,0,65,2024-09
Poker101,65,0,65,2024-09
legitCasinos,61,0,61,2024-09
sportsbettinggroup,60,0,60,2024-09
Australiapayidcasinos,55,0,55,2024-09
sportsbooks,55,0,55,2024-09
u_Casino_Org,54,0,54,2024-09
Casino_Slots,54,0,54,2024-09
rollbitcasino,53,0,53,2024-09
SherbetCryptoCasino,52,0,52,2024-09
SportsBettingBiz,52,0,52,2024-09
u_PokerStarsUK,51,0,51,2024-09
casinosandsportsbets,49,0,49,2024-09
onlinepoker,46,0,46,2024-09
NolimitSlots,45,0,45,2024-09
PokeRaid,44,0,44,2024-09
ShufflecomCasino,43,0,43,2024-09
ecrpoker,42,0,42,2024-09
u_PokerWarlords,41,0,41,2024-09
algorandcasino,41,0,41,2024-09
crypto_gambling,40,0,40,2024-09
sportsbettingnoobs,40,0,40,2024-09
BoredCasinoDealers,40,0,40,2024-09
cryptocasinobetting,39,0,39,2024-09
SweepstakeCasinoUS,38,0,38,2024-09
FeralPokeRape,38,0,38,2024-09
IgnitionCasino,38,0,38,2024-09
HotWivesinCasinos,37,0,37,2024-09
CryptoGambling,36,0,36,2024-09
PokeRevOfficial,35,0,35,2024-09
poker_training,33,0,33,2024-09
norskcasino,32,0,32,2024-09
BesteOnlineCasino,32,0,32,2024-09
pokerbr,30,0,30,2024-09
OnlineCasinoPokiesAus,30,0,30,2024-09
u_high5casino,30,0,30,2024-09
GamblingGang,29,0,29,2024-09
sweepscasinos,28,0,28,2024-09
SWEEPSTAKECASINOLINKS,27,0,27,2024-09
casinocountry,27,0,27,2024-09
casinorestrictions,26,0,26,2024-09
OnlineCryptoGambling,26,0,26,2024-09
prominencepoker,25,0,25,2024-09
PokerBros,25,0,25,2024-09
u_BetwayCasino,24,0,24,2024-09
u_JackpotCityCasino,24,0,24,2024-09
SCCasinoFreebies,24,0,24,2024-09
GamblingAccounts,24,0,24,2024-09
u_Pokergggg,23,0,23,2024-09
iPlaySlots,22,0,22,2024-09
GamblingParadise,22,0,22,2024-09
Onlinecasinoplayers,22,0,22,2024-09
QuitGamblingChristian,21,0,21,2024-09
CryptoCasinoTalk,20,0,20,2024-09
u_JurojinPoker,20,0,20,2024-09
gamblingstocks,20,0,20,2024-09
ballycasino,20,0,20,2024-09
u_DraftKingsCasino,20,0,20,2024-09
BitcoinGambling,19,0,19,2024-09
sportsbettinginfo,19,0,19,2024-09
socialcasinos,18,0,18,2024-09
pppoker,18,0,18,2024-09
SweepsCasinoHangout,17,0,17,2024-09
SportsbookReview,17,0,17,2024-09
casinohookups,17,0,17,2024-09
SportsBettingDegens,17,0,17,2024-09
SportsBettingBeginner,17,0,17,2024-09
VideoPoker,17,0,17,2024-09
Chancedcasino,16,0,16,2024-09
sweeps_casinos,15,0,15,2024-09
MooziCasino,15,0,15,2024-09
slotsandcasinos,15,0,15,2024-09
zyngapoker,15,0,15,2024-09
CasinoMaxius,15,0,15,2024-09
Casinos,15,0,15,2024-09
u_fanaticssportsbook,14,0,14,2024-09
CryptoGamblingSites,14,0,14,2024-09
CasinoPromoDeals,14,0,14,2024-09
PokerVids,14,0,14,2024-09
slotslv,14,0,14,2024-09
UKSportsBetting,14,0,14,2024-09
GamblingSites101,14,0,14,2024-09
Learn_Poker,14,0,14,2024-09
Pokerface,14,0,14,2024-09
Casinometropol,14,0,14,2024-09
sdpoker,13,0,13,2024-09
ModoCasino,13,0,13,2024-09
sandiego_poker,13,0,13,2024-09
XSportsbook,13,0,13,2024-09
BestCS2GamblingSite,13,0,13,2024-09
topsportsbettingtips,13,0,13,2024-09
ONLINESLOTS777,13,0,13,2024-09
CasinoReferralCodes,12,0,12,2024-09
BitcoinCasinoTips,12,0,12,2024-09
OnlineCasinoJapan1,12,0,12,2024-09
OnlineCasinoDownUnder,12,0,12,2024-09
u_EmilyPoker,12,0,12,2024-09
SevenSlotSociety,12,0,12,2024-09
MLBgambling,12,0,12,2024-09
CasinoCodes,11,0,11,2024-09
LiveDealerGambling,11,0,11,2024-09
onlinegambling101,11,0,11,2024-09
casinodetails,11,0,11,2024-09
gamblingawarenessclub,11,0,11,2024-09
PokerBrosApp,11,0,11,2024-09
csgogambling,11,0,11,2024-09
PPPokerClubs,11,0,11,2024-09
sweepscasinoletters,11,0,11,2024-09
PAPAZCASINO,10,0,10,2024-09
ACRPoker,10,0,10,2024-09
pokerrrr2Galaxy,10,0,10,2024-09
SweepstakeCasinos,10,0,10,2024-09
casinocoin,10,0,10,2024-09
CashOnlinePoker,10,0,10,2024-09
SportsbookCodes,10,0,10,2024-09
top_crypto_casinos,10,0,10,2024-09
TheGamblingHub,10,0,10,2024-09
u_soulpoker,10,0,10,2024-09
AussieGamblingHub,10,0,10,2024-09
findasportsbookie,10,0,10,2024-09
CasinoInAction,9,0,9,2024-09
SweetOnlineSlots,9,0,9,2024-09
BitcoinGamblingOnline,9,0,9,2024-09
gamblingpicks,9,0,9,2024-09
GamblingMediaNews,9,0,9,2024-09
pokeroleplayandhentai,9,0,9,2024-09
u_playstarcasino,9,0,9,2024-09
TopSportsbooks,9,0,9,2024-09
casinomaxii,9,0,9,2024-09
casinotears,9,0,9,2024-09
OnlineSlotCasinos,9,0,9,2024-09
OnlinePokerRealMoney,9,0,9,2024-09
SweepstakeCasinoList,9,0,9,2024-09
GGPokerCommunity,9,0,9,2024-09
BestCryptoGambling,8,0,8,2024-09
SportsBettingTips007,8,0,8,2024-09
Moozi_Casino,8,0,8,2024-09
BetOnlinePoker,8,0,8,2024-09
SocialCasinosList,8,0,8,2024-09
AlgoPoker,8,0,8,2024-09
poker_players,8,0,8,2024-09
OnlySlotsFans,8,0,8,2024-09
GrandCasino,8,0,8,2024-09
CasinoDealer,8,0,8,2024-09
sportsbetting2,7,0,7,2024-09
firekirin_slots,7,0,7,2024-09
VolumeSportsBetting,7,0,7,2024-09
GamblingWinners,7,0,7,2024-09
pokerinpune,7,0,7,2024-09
u_SunSpin_Casino,7,0,7,2024-09
nerdpokerpodcast,7,0,7,2024-09
NFLGambling,7,0,7,2024-09
NZOnlineCasinos,7,0,7,2024-09
nodepositbonuscasinos,7,0,7,2024-09
CasinoBonusPromo,7,0,7,2024-09
SlotsMachine,7,0,7,2024-09
ShuffleCasino,6,0,6,2024-09
FreeGambling100,6,0,6,2024-09
u_Calro_casino_slot,6,0,6,2024-09
SportsBettingStrategy,6,0,6,2024-09
u_TopCasinoPunter,6,0,6,2024-09
sportsbooklive,6,0,6,2024-09
PayIdCasino,6,0,6,2024-09
u_Chumba_Casino,6,0,6,2024-09
PokerHomeGames,6,0,6,2024-09
OnlineSweepCoinCasino,6,0,6,2024-09
free_slots,6,0,6,2024-09
CasinoTop,5,0,5,2024-09
casinosohnelizenz,5,0,5,2024-09
Smackd_CryptoCasinos,5,0,5,2024-09
WVSportsbook,5,0,5,2024-09
Casino_Core,5,0,5,2024-09
SocialSportsbooks,5,0,5,2024-09
CasinoProfessionals,5,0,5,2024-09
gambling_news,5,0,5,2024-09
casinosSA,5,0,5,2024-09
SportsbookPromoCodes,5,0,5,2024-09
CupheadCasinoCups,5,0,5,2024-09
governorofpoker,5,0,5,2024-09
hardrocksportsbook,5,0,5,2024-09
WynnSlots,5,0,5,2024-09
GlobalPokerOfficial,5,0,5,2024-09
bitcoincasinogames,5,0,5,2024-09
InternetCasinos,5,0,5,2024-09
Online_Casino_Spiele,5,0,5,2024-09
NYPOKER,5,0,5,2024-09
u_newpokerface,5,0,5,2024-09
CasinoAll,5,0,5,2024-09
CafeCasinoLV,5,0,5,2024-09
u_Global_Poker,5,0,5,2024-09
CasinoBuzz,5,0,5,2024-09
u_top_casinos,5,0,5,2024-09
zulacasino,5,0,5,2024-09
ddpoker,4,0,4,2024-09
bitcoincasinoreview,4,0,4,2024-09
onlinecasinoMAXWIN,4,0,4,2024-09
OnlineCasinoGamesP,4,0,4,2024-09
Oklahoma_Casino_Slots,4,0,4,2024-09
u_InSportsBettingSites,4,0,4,2024-09
AussieCasinoTips,4,0,4,2024-09
NashvillePoker,4,0,4,2024-09
Gamblingmoney,4,0,4,2024-09
Casinocommunities,4,0,4,2024-09
crashgambling,4,0,4,2024-09
u_Pokercode,4,0,4,2024-09
fourkingscasino,4,0,4,2024-09
MLBSportsBettingLive,4,0,4,2024-09
JackpotMasterSlots,4,0,4,2024-09
casinoreferralpage,4,0,4,2024-09
cryptopoker1,4,0,4,2024-09
onlinecasinoss,4,0,4,2024-09
u_Gambling_girl63,4,0,4,2024-09
PokerBumsUnited,4,0,4,2024-09
pokercirclejerk,4,0,4,2024-09
CasinoAndBingoBonuses,4,0,4,2024-09
iSuckatGambling,4,0,4,2024-09
slotsvideo,4,0,4,2024-09
SportsBettingWOnlyWwW,4,0,4,2024-09
PokerDealerTalk,4,0,4,2024-09
u_HardRockSportsbook,4,0,4,2024-09
sportsbettingsmart,4,0,4,2024-09
CasinoReviewsOnline,4,0,4,2024-09
Onlinegamblingworld,4,0,4,2024-09
tonacepoker,4,0,4,2024-09
sportsbettingreviews,3,0,3,2024-09
pokerrrr2europe,3,0,3,2024-09
CasinoJudge,3,0,3,2024-09
onlyslots,3,0,3,2024-09
vegasyslots_777,3,0,3,2024-09
usvisaearlyslots,3,0,3,2024-09
Casinoguide01,3,0,3,2024-09
phenompokeriscoming,3,0,3,2024-09
newsweepscashcasinos,3,0,3,2024-09
bestslotsites,3,0,3,2024-09
gamblingmedia,3,0,3,2024-09
u_Luckyland_Slots,3,0,3,2024-09
u_allgamblingsites,3,0,3,2024-09
CasinoSecurity,3,0,3,2024-09
Casino_Bonus_Codes,3,0,3,2024-09
u_PalaCasino,3,0,3,2024-09
CaesarsSportsbook,3,0,3,2024-09
howtoplaypokeronline,3,0,3,2024-09
u_NGCasinos,3,0,3,2024-09
u_PokerMenYTP,3,0,3,2024-09
clamscasino,3,0,3,2024-09
SportsbookTipsters,3,0,3,2024-09
Gamba_casino,3,0,3,2024-09
RiskFreeGambling,3,0,3,2024-09
GamblingSites,3,0,3,2024-09
MatchPokerOnline,3,0,3,2024-09
CasinosBroker,3,0,3,2024-09
VIPslots,3,0,3,2024-09
LetsGoGambling,3,0,3,2024-09
Payidcasinolistdaily,3,0,3,2024-09
GamblingCrypto,3,0,3,2024-09
GamblingDO,3,0,3,2024-09
SportsbookPromos,2,0,2,2024-09
SportsBettingAnalysis,2,0,2,2024-09
NBAgambling,2,0,2,2024-09
DonateCasinoCash,2,0,2,2024-09
DeutscheOnlineCasino,2,0,2,2024-09
SlotsAfterDark,2,0,2,2024-09
SlotsPod,2,0,2,2024-09
DesertNightsCasino,2,0,2,2024-09
DatPokerPod,2,0,2,2024-09
Sportsbook4dummies,2,0,2,2024-09
Crypto_Gambling_Guide,2,0,2,2024-09
mudslide_poker,2,0,2,2024-09
NHLgambling,2,0,2,2024-09
SportsBettingPoker,2,0,2,2024-09
Creditsportsbookie1,2,0,2,2024-09
u_Sgcasino_net,2,0,2,2024-09
hhpoker2024,2,0,2,2024-09
Maltcasino_OFC,2,0,2,2024-09
bestcasinodeals,2,0,2,2024-09
DuelbitsCasino,2,0,2,2024-09
u_KingPokerPH,2,0,2,2024-09
sportsbettingwithAI,2,0,2,2024-09
sportsbettingtiktok,2,0,2,2024-09
GGpokerOntario,2,0,2,2024-09
PokerKingdom,2,0,2,2024-09
Onlinecasinohelp,2,0,2,2024-09
AustinPoker,2,0,2,2024-09
Pokerariums,2,0,2,2024-09
Pokeroguehelp,2,0,2,2024-09
OnlineCasinoWorld,2,0,2,2024-09
GamblingHall,2,0,2,2024-09
ragingbullslotscasino,2,0,2,2024-09
FreeGamblingSites,2,0,2,2024-09
pokervlogs,2,0,2,2024-09
pokertheory,2,0,2,2024-09
pokerrrr2PLO,2,0,2,2024-09
QueenBeeCasino,2,0,2,2024-09
pokerouge,2,0,2,2024-09
RealOnlineGambling,2,0,2,2024-09
u_KKslotsgame,2,0,2,2024-09
SCCASINO,2,0,2,2024-09
gamblingpromocode,2,0,2,2024-09
EpiphoneCasino,2,0,2,2024-09
MejoresCasinosMexico,2,0,2,2024-09
techcasinobus,2,0,2,2024-09
Gamblinguru,2,0,2,2024-09
Casino_Referrals,2,0,2,2024-09
WallStreetBets_Casino,2,0,2,2024-09
u_playclubspoker,2,0,2,2024-09
u_offpoker,2,0,2,2024-09
Casinofinds,2,0,2,2024-09
casinohedgefund,2,0,2,2024-09
creditsportsbookie,2,0,2,2024-09
u_hardrockcasinonj,2,0,2,2024-09
cryptocurrencypoker,2,0,2,2024-09
cryptogamblings,2,0,2,2024-09
UptownAcesCasino,2,0,2,2024-09
cryptosportsbetting,2,0,2,2024-09
vdcasino10,2,0,2,2024-09
cryptocasinodivident,2,0,2,2024-09
Casinoluckywin,2,0,2,2024-09
capokerclub,2,0,2,2024-09
u_YayCasinoFans,2,0,2,2024-09
SweepCasinoList,2,0,2,2024-09
21X_CASINO_on_SOLANA,2,0,2,2024-09
Sweepstakes_Casinos_,2,0,2,2024-09
u_pokerface197,2,0,2,2024-09
u_CasinoProm,1,0,1,2024-09
winnipegpoker,1,0,1,2024-09
GoatedcomCasino,1,0,1,2024-09
u_pokerface263,1,0,1,2024-09
u_ILoveGambling1,1,0,1,2024-09
GamblingFree,1,0,1,2024-09
u_pokeriyleobaa,1,0,1,2024-09
u_rodioncasino,1,0,1,2024-09
OnlineCasinoRefunds,1,0,1,2024-09
Osan_Poker,1,0,1,2024-09
HighRollerCasino,1,0,1,2024-09
u_Gambling_Microwave,1,0,1,2024-09
u_Casino-Online-2024,1,0,1,2024-09
u_AnarchyPoker,1,0,1,2024-09
u_B1b2earlyvisaslots,1,0,1,2024-09
GamblingGuru,1,0,1,2024-09
HighRatedCasinos_HRC,1,0,1,2024-09
AustraliaCasino,1,0,1,2024-09
viciodogambling,1,0,1,2024-09
u_velvetcasino,1,0,1,2024-09
BTCCasinoReview,1,0,1,2024-09
u_Beatthesportsbook,1,0,1,2024-09
Basebet_Online_Casino,1,0,1,2024-09
u_CasinoTomi,1,0,1,2024-09
HDPoker,1,0,1,2024-09
u_CasinoSTrat6363,1,0,1,2024-09
OMGCasino,1,0,1,2024-09
u_CincyPoker,1,0,1,2024-09
u_SweepstakeCasinoList,1,0,1,2024-09
u_JTCasino,1,0,1,2024-09
7bitCasinoReview,1,0,1,2024-09
u_casinozeusbet,1,0,1,2024-09
u_casinositesreview,1,0,1,2024-09
u_PokerProNews,1,0,1,2024-09
u_casinodetails,1,0,1,2024-09
PAYDAYcasino,1,0,1,2024-09
u_caesarsicasino,1,0,1,2024-09
u_Pokerson,1,0,1,2024-09
u_pokercrusher,1,0,1,2024-09
u_bestnorsk-casino,1,0,1,2024-09
u_atascasinowiki,1,0,1,2024-09
KKPoker,1,0,1,2024-09
u_Slotsph88,1,0,1,2024-09
u_Starfishpoker,1,0,1,2024-09
u_Texanpoker45,1,0,1,2024-09
MiraxCasinoReview,1,0,1,2024-09
u_POKERRRR2WIN,1,0,1,2024-09
u_NutzCasino,1,0,1,2024-09
Js_Shining_Casino,1,0,1,2024-09
u_MervCasino,1,0,1,2024-09
7BitCasinoFreeChip,1,0,1,2024-09
u_KuroPokerFox,1,0,1,2024-09
u_justice_poker,1,0,1,2024-09
u_leobet-casino,1,0,1,2024-09
u_letgo_gambling,1,0,1,2024-09
ItsAlwaysPetSlots,1,0,1,2024-09
u_Kgcasino,1,0,1,2024-09
NoDepositSlots,1,0,1,2024-09
u_online_casinos,1,0,1,2024-09
MBMSportsBetting,1,0,1,2024-09
u_JesseCallsPoker,1,0,1,2024-09
OLYMPIANSPORTSBETTING,1,0,1,2024-09
HighwayCasino,1,0,1,2024-09
saltybetcasino,1,0,1,2024-09
PartyPokerGaming,1,0,1,2024-09
Sweeps_Casino_Slots,1,0,1,2024-09
coingambling,1,0,1,2024-09
VideoPokerStrategy,1,0,1,2024-09
CasinoWorld,1,0,1,2024-09
CasinoUtanLicens,1,0,1,2024-09
TopTierCasinoInsights,1,0,1,2024-09
csgogamblingguide,1,0,1,2024-09
TopOnlineCasinoUK,1,0,1,2024-09
enbuscadeslots,1,0,1,2024-09
SweepsCasinosList,1,0,1,2024-09
ignitioncasinobigscam,1,0,1,2024-09
ClubGG_Poker,1,0,1,2024-09
SpreeCasino,1,0,1,2024-09
gamblingcheats,1,0,1,2024-09
gamblingonline,1,0,1,2024-09
ComicPlayCasino,1,0,1,2024-09
gamblingplanet,1,0,1,2024-09
godofpoker,1,0,1,2024-09
Sportsbetting1017,1,0,1,2024-09
classicslots,1,0,1,2024-09
Global_Poker,1,0,1,2024-09
choctawcasinodurant4r,1,0,1,2024-09
cfbgambling,1,0,1,2024-09
bonanzaslots,1,0,1,2024-09
cashtornadoslots,1,0,1,2024-09
allonlinecasinos,1,0,1,2024-09
ZXSpectrumCasino,1,0,1,2024-09
casinofortuna,1,0,1,2024-09
casinofuninevensville,1,0,1,2024-09
YayCryptoCasino,1,0,1,2024-09
casinogratisonline,1,0,1,2024-09
Xpokercheat,1,0,1,2024-09
casinoonlinereviewer,1,0,1,2024-09
X_Poker,1,0,1,2024-09
XPoker,1,0,1,2024-09
WinPortCasino,1,0,1,2024-09
WebCasinoInsights,1,0,1,2024-09
casinoutansvensklicen,1,0,1,2024-09
casinowork,1,0,1,2024-09
WCasinoInsights,1,0,1,2024-09
SportsBookie101,1,0,1,2024-09
investingbutgambling,1,0,1,2024-09
PhenomPoker,1,0,1,2024-09
PokerQuest,1,0,1,2024-09
rockstarpokercoach,1,0,1,2024-09
CasinoAdventures,1,0,1,2024-09
Casinomeets,1,0,1,2024-09
PokerStreams,1,0,1,2024-09
slots777,1,0,1,2024-09
CanadaCasinoClub,1,0,1,2024-09
GGPokerWSOP,1,0,1,2024-09
PokerScotland,1,0,1,2024-09
PokerPlayersAmsterdam,1,0,1,2024-09
irishcasinos,1,0,1,2024-09
BrisbaneStripPoker,1,0,1,2024-09
BlockchainSlots,1,0,1,2024-09
Bitcoin_Casinos,1,0,1,2024-09
sportsbettingny,1,0,1,2024-09
sportsbookplays,1,0,1,2024-09
PokeRPG,1,0,1,2024-09
PogCasino,1,0,1,2024-09
PittsburghPoker,1,0,1,2024-09
riggedOnlinePoker,1,0,1,2024-09
GGPokerAmerica,1,0,1,2024-09
CasinoBonusCode,1,0,1,2024-09
PulszCasino,1,0,1,2024-09
CryptoCasinoBTC,1,0,1,2024-09
mj_gamblingdiscussion,1,0,1,2024-09
needsportsbookie,1,0,1,2024-09
oahupokerplayers,1,0,1,2024-09
onlinecasinoreddit,1,0,1,2024-09
SlotMachineCasino,1,0,1,2024-09
SimCasino,1,0,1,2024-09
SatoshiCasino,1,0,1,2024-09
playslots,1,0,1,2024-09
SafeCryptoCasinos,1,0,1,2024-09
poker_mixed_games,1,0,1,2024-09
CasinoDeposit,1,0,1,2024-09
RollingSlots,1,0,1,2024-09
pokerist,1,0,1,2024-09
pokernight101,1,0,1,2024-09
RTP_Slots_Guide,1,0,1,2024-09
FloridaSexGambling,1,0,1,2024-09
1winonlinecasino,1,0,1,2024-09
